{
 "actions": [],
 "allow_rename": 1,
 "autoname": "hash",
 "creation": "2024-06-13 16:10:02.802728",
 "doctype": "DocType",
 "editable_grid": 1,
 "engine": "InnoDB",
 "field_order": [
  "crew_member",
  "position"
 ],
 "fields": [
  {
   "fieldname": "crew_member",
   "fieldtype": "Link",
   "in_list_view": 1,
   "label": "Crew Member",
   "options": "Crew Member",
   "reqd": 1
  },
  {
   "fetch_from": "crew_member.position",
   "fieldname": "position",
   "fieldtype": "Data",
   "in_list_view": 1,
   "label": "Position"
  }
 ],
 "index_web_pages_for_search": 1,
 "istable": 1,
 "links": [],
 "modified": "2024-06-13 17:15:12.742826",
 "modified_by": "Administrator",
 "module": "Airplane Mode",
 "name": "Flight Crew Member",
 "naming_rule": "Random",
 "owner": "Administrator",
 "permissions": [],
 "sort_field": "creation",
 "sort_order": "DESC",
 "states": []
}