{
 "absolute_value": 0,
 "align_labels_right": 0,
 "creation": "2024-06-18 15:25:47.471182",
 "custom_format": 0,
 "default_print_language": "en",
 "disabled": 0,
 "doc_type": "Rent Payment",
 "docstatus": 0,
 "doctype": "Print Format",
 "font_size": 14,
 "format_data": "[{\"fieldname\": \"print_heading_template\", \"fieldtype\": \"Custom HTML\", \"options\": \"<div class=\\\"print-heading\\\">\\t\\t\\t\\t<h2><div>Rent Payment from Print Format</div><br><small class=\\\"sub-heading\\\">{{ doc.name }}</small>\\t\\t\\t\\t</h2></div>\"}, {\"fieldtype\": \"Section Break\", \"label\": \"\"}, {\"fieldtype\": \"Column Break\"}, {\"fieldname\": \"contrcat\", \"print_hide\": 0, \"label\": \"Contrcat\"}, {\"fieldname\": \"amount\", \"print_hide\": 0, \"label\": \"Amount\"}, {\"fieldtype\": \"Column Break\"}, {\"fieldname\": \"payment_date\", \"print_hide\": 0, \"label\": \"Payment Date\"}, {\"fieldname\": \"status\", \"print_hide\": 0, \"label\": \"Status\"}]",
 "idx": 0,
 "line_breaks": 0,
 "margin_bottom": 15.0,
 "margin_left": 15.0,
 "margin_right": 15.0,
 "margin_top": 15.0,
 "modified": "2024-06-18 15:26:54.140832",
 "modified_by": "Administrator",
 "module": "Airport Shop Management",
 "name": "Print for Rent",
 "owner": "Administrator",
 "page_number": "Hide",
 "print_designer": 0,
 "print_designer_template_app": "print_designer",
 "print_format_builder": 0,
 "print_format_builder_beta": 0,
 "print_format_type": "Jinja",
 "raw_printing": 0,
 "show_section_headings": 0,
 "standard": "Yes"
}