{
 "attach_print": 0,
 "channel": "System Notification",
 "condition": "doc.status==\"Scheduled\"",
 "creation": "2024-05-28 17:16:23.198798",
 "date_changed": "date_of_departure",
 "days_in_advance": 1,
 "docstatus": 0,
 "doctype": "Notification",
 "document_type": "Airplane Flight",
 "enabled": 1,
 "event": "Days Before",
 "idx": 0,
 "is_standard": 1,
 "message": "<p>Departs in 24 hours!</p>\n\n<p>pack your bags.</p>\n",
 "message_type": "Markdown",
 "modified": "2024-06-04 13:27:24.021561",
 "modified_by": "Administrator",
 "module": "Airplane Mode",
 "name": "Flight Departure Notification",
 "owner": "Administrator",
 "recipients": [
  {
   "receiver_by_document_field": "owner",
   "receiver_by_role": "System Manager"
  }
 ],
 "send_system_notification": 0,
 "send_to_all_assignees": 0,
 "subject": "Departs in 24 hours!"
}