{
 "allow_comments": 0,
 "allow_delete": 0,
 "allow_edit": 0,
 "allow_incomplete": 0,
 "allow_multiple": 0,
 "allow_print": 0,
 "anonymous": 0,
 "apply_document_permissions": 0,
 "button_label": "Save",
 "condition_json": "[]",
 "creation": "2024-05-28 15:08:09.157718",
 "doc_type": "Airplane Ticket",
 "docstatus": 0,
 "doctype": "Web Form",
 "idx": 0,
 "introduction_text": "<div class=\"ql-editor read-mode\"><p>Book a flight description</p></div>",
 "is_standard": 1,
 "list_columns": [],
 "login_required": 0,
 "max_attachment_size": 0,
 "modified": "2024-05-28 16:17:16.467959",
 "modified_by": "Administrator",
 "module": "Airplane Mode",
 "name": "book-a-flight",
 "owner": "Administrator",
 "published": 1,
 "route": "book-a-ticket",
 "show_attachments": 0,
 "show_list": 0,
 "show_sidebar": 0,
 "title": "Book a Ticket for your Fly",
 "web_form_fields": [
  {
   "allow_read_on_all_link_options": 0,
   "fieldname": "section_break_fgyb",
   "fieldtype": "Section Break",
   "hidden": 0,
   "label": "",
   "max_length": 0,
   "max_value": 0,
   "precision": "",
   "read_only": 0,
   "reqd": 0,
   "show_in_filter": 0
  },
  {
   "allow_read_on_all_link_options": 0,
   "fieldname": "flight_price",
   "fieldtype": "Currency",
   "hidden": 0,
   "label": "Flight Price",
   "max_length": 0,
   "max_value": 0,
   "precision": "",
   "read_only": 1,
   "reqd": 1,
   "show_in_filter": 0
  },
  {
   "allow_read_on_all_link_options": 0,
   "fieldname": "column_break_amef",
   "fieldtype": "Column Break",
   "hidden": 0,
   "label": "",
   "max_length": 0,
   "max_value": 0,
   "precision": "",
   "read_only": 0,
   "reqd": 0,
   "show_in_filter": 0
  },
  {
   "allow_read_on_all_link_options": 0,
   "fieldname": "total_amount",
   "fieldtype": "Currency",
   "hidden": 0,
   "label": "Total Amount",
   "max_length": 0,
   "max_value": 0,
   "precision": "",
   "read_only": 1,
   "reqd": 0,
   "show_in_filter": 0
  },
  {
   "allow_read_on_all_link_options": 0,
   "fieldname": "section_break_jdfj",
   "fieldtype": "Section Break",
   "hidden": 0,
   "label": "",
   "max_length": 0,
   "max_value": 0,
   "precision": "",
   "read_only": 0,
   "reqd": 0,
   "show_in_filter": 0
  },
  {
   "allow_read_on_all_link_options": 0,
   "fieldname": "source_airport",
   "fieldtype": "Link",
   "hidden": 0,
   "label": "Source Airport",
   "max_length": 0,
   "max_value": 0,
   "options": "Airport",
   "precision": "",
   "read_only": 0,
   "reqd": 0,
   "show_in_filter": 0
  },
  {
   "allow_read_on_all_link_options": 0,
   "fieldname": "destination_airport",
   "fieldtype": "Link",
   "hidden": 0,
   "label": "Destination Airport",
   "max_length": 0,
   "max_value": 0,
   "options": "Airport",
   "precision": "",
   "read_only": 0,
   "reqd": 0,
   "show_in_filter": 0
  },
  {
   "allow_read_on_all_link_options": 0,
   "default": "",
   "fieldname": "passenger",
   "fieldtype": "Link",
   "hidden": 0,
   "label": "Passenger",
   "max_length": 0,
   "max_value": 0,
   "options": "Flight Passenger",
   "precision": "",
   "read_only": 0,
   "reqd": 1,
   "show_in_filter": 0
  },
  {
   "allow_read_on_all_link_options": 0,
   "fieldname": "flight",
   "fieldtype": "Link",
   "hidden": 0,
   "label": "flight",
   "max_length": 0,
   "max_value": 0,
   "options": "Airplane Flight",
   "precision": "",
   "read_only": 0,
   "reqd": 1,
   "show_in_filter": 0
  },
  {
   "allow_read_on_all_link_options": 0,
   "default": "",
   "fieldname": "status",
   "fieldtype": "Select",
   "hidden": 0,
   "label": "Status",
   "max_length": 0,
   "max_value": 0,
   "options": "Booked\nFailed\nUnder Process\nBoarded",
   "precision": "",
   "read_only": 0,
   "reqd": 0,
   "show_in_filter": 0
  },
  {
   "allow_read_on_all_link_options": 0,
   "fieldname": "column_break_uofh",
   "fieldtype": "Column Break",
   "hidden": 0,
   "label": "",
   "max_length": 0,
   "max_value": 0,
   "precision": "",
   "read_only": 0,
   "reqd": 0,
   "show_in_filter": 0
  },
  {
   "allow_read_on_all_link_options": 0,
   "fieldname": "departure_date",
   "fieldtype": "Date",
   "hidden": 0,
   "label": "Departure Date",
   "max_length": 0,
   "max_value": 0,
   "precision": "",
   "read_only": 0,
   "reqd": 1,
   "show_in_filter": 0
  },
  {
   "allow_read_on_all_link_options": 0,
   "fieldname": "departure_time",
   "fieldtype": "Time",
   "hidden": 0,
   "label": "Departure Time",
   "max_length": 0,
   "max_value": 0,
   "precision": "",
   "read_only": 0,
   "reqd": 1,
   "show_in_filter": 0
  },
  {
   "allow_read_on_all_link_options": 0,
   "fieldname": "duration_of_flight",
   "fieldtype": "Duration",
   "hidden": 0,
   "label": "Duration of Flight",
   "max_length": 0,
   "max_value": 0,
   "precision": "",
   "read_only": 0,
   "reqd": 0,
   "show_in_filter": 0
  },
  {
   "allow_read_on_all_link_options": 0,
   "fieldname": "amended_from",
   "fieldtype": "Link",
   "hidden": 0,
   "label": "Amended From",
   "max_length": 0,
   "max_value": 0,
   "options": "Airplane Ticket",
   "precision": "",
   "read_only": 1,
   "reqd": 0,
   "show_in_filter": 0
  },
  {
   "allow_read_on_all_link_options": 0,
   "fieldname": "seat",
   "fieldtype": "Data",
   "hidden": 0,
   "label": "Seat",
   "max_length": 0,
   "max_value": 0,
   "precision": "",
   "read_only": 1,
   "reqd": 0,
   "show_in_filter": 0
  },
  {
   "allow_read_on_all_link_options": 0,
   "fieldname": "section_break_vwwu",
   "fieldtype": "Section Break",
   "hidden": 0,
   "label": "",
   "max_length": 0,
   "max_value": 0,
   "precision": "",
   "read_only": 0,
   "reqd": 0,
   "show_in_filter": 0
  },
  {
   "allow_read_on_all_link_options": 0,
   "fieldname": "add_ons",
   "fieldtype": "Table",
   "hidden": 0,
   "label": "Add Ons",
   "max_length": 0,
   "max_value": 0,
   "options": "Airplane Ticket Add-on Item",
   "precision": "",
   "read_only": 0,
   "reqd": 0,
   "show_in_filter": 0
  }
 ]
}